{"cameraMode":{"drawMode":0,"name":"Shaded","section":"Shading Mode"},"sceneLighting":false,"audioPlay":false,"sceneViewState":{"showFog":true,"showMaterialUpdate":false,"showSkybox":true,"showFlares":true,"showImageEffects":true,"showParticleSystems":true},"in2DMode":false,"pivot":{"x":-1.8246302604675294,"y":0.019460678100585939,"z":4.539999961853027},"rotation":{"x":-0.05760147422552109,"y":-0.09718534350395203,"z":0.005635916255414486,"w":-0.9935942888259888},"size":15.03221607208252,"orthographic":false}