{"cameraMode":{"drawMode":0,"name":"Shaded","section":"Shading Mode"},"sceneLighting":false,"audioPlay":false,"sceneViewState":{"showFog":true,"showMaterialUpdate":false,"showSkybox":true,"showFlares":true,"showImageEffects":true,"showParticleSystems":true},"in2DMode":false,"pivot":{"x":0.13827985525131226,"y":1.169659972190857,"z":-1.5748625993728638},"rotation":{"x":-0.32098299264907839,"y":-0.11750444769859314,"z":0.04017382860183716,"w":-0.9389227032661438},"size":1.733452320098877,"orthographic":false}