{"cameraMode":{"drawMode":0,"name":"Shaded","section":"Shading Mode"},"sceneLighting":false,"audioPlay":false,"sceneViewState":{"showFog":true,"showMaterialUpdate":false,"showSkybox":true,"showFlares":true,"showImageEffects":true,"showParticleSystems":true},"in2DMode":false,"pivot":{"x":29.989999771118165,"y":45.93000030517578,"z":2.7100000381469728},"rotation":{"x":-0.17789481580257417,"y":0.6793581247329712,"z":-0.17514094710350038,"w":-0.6900404691696167},"size":15.03221607208252,"orthographic":false}